{"cameraMode":{"drawMode":0,"name":"Shaded","section":"Shading Mode"},"sceneLighting":true,"audioPlay":false,"sceneViewState":{"m_AlwaysRefresh":false,"showFog":true,"showSkybox":true,"showFlares":true,"showImageEffects":true,"showParticleSystems":true,"showVisualEffectGraphs":true,"m_FxEnabled":true},"in2DMode":false,"pivot":{"x":343.72528076171877,"y":110.27135467529297,"z":-213.55148315429688},"rotation":{"x":-0.13737313449382783,"y":0.8606225848197937,"z":0.3136640191078186,"w":0.37691742181777956},"size":436.6885070800781,"orthographic":true}