{"cameraMode":{"drawMode":0,"name":"Shaded","section":"Shading Mode"},"sceneLighting":true,"audioPlay":false,"sceneViewState":{"m_AlwaysRefresh":false,"showFog":true,"showSkybox":true,"showFlares":true,"showImageEffects":true,"showParticleSystems":true,"showVisualEffectGraphs":true,"m_FxEnabled":true},"in2DMode":false,"pivot":{"x":6.221652984619141,"y":6.757013320922852,"z":3.0788588523864748},"rotation":{"x":0.24419911205768586,"y":-0.2801917493343353,"z":0.07393735647201538,"w":0.9254148602485657},"size":0.7446327805519104,"orthographic":false}